iter	MultiClass
0	0.2301758813
1	0.1475393535
2	0.1101791503
3	0.09770386557
4	0.07918631257
5	0.0675273542
6	0.06430018034
7	0.0594740209
8	0.04665058858
9	0.04516732307
